client_id, nm_client, original_payment_value, total_payment_value, payment_satus
330,Rafael Teixeira,3776.08,8192.11,VENCIDA
780,Ana Costa,3893.17,8271.52,VENCIDA
456,Pedro Santos,4124.32,8808.18,VENCIDA
329,João Silva,1053.79,2439.79,VENCIDA
715,Marina Rocha,4903.43,10417.94,VENCIDA
102,Maria Souza,2774.98,5957.40,VENCIDA
232,Lucas Alves,2757.91,6245.88,VENCIDA
850,Juliana Freitas,3370.59,7390.28,VENCIDA
307,Ana Costa,489.79,1109.24,VENCIDA
692,Lucas Alves,2782.55,6100.96,VENCIDA
343,Maria Souza,4917.85,10448.57,VENCIDA
447,Juliana Freitas,1738.16,3936.44,VENCIDA
335,Pedro Santos,2219.81,5082.78,VENCIDA
187,João Silva,2329.96,5028.27,VENCIDA
368,Lucas Alves,3553.04,8226.20,VENCIDA
258,Maria Souza,2597.18,5546.72,VENCIDA
725,Bruno Ribeiro,533.63,1170.03,VENCIDA
911,Bruno Ribeiro,1486.0,3293.20,VENCIDA
585,Rafael Teixeira,4542.12,10457.92,VENCIDA
921,Marina Rocha,1800.7,4055.88,VENCIDA
383,Maria Souza,1399.11,3168.59,VENCIDA
102,João Silva,2787.15,6143.73,VENCIDA
154,Rafael Teixeira,4502.82,9616.53,VENCIDA
327,Rafael Teixeira,1527.9,3263.09,VENCIDA
207,Pedro Santos,2223.09,4874.30,VENCIDA
293,Lucas Alves,1746.03,3890.35,VENCIDA
118,Rafael Teixeira,4499.65,10246.44,VENCIDA
398,Rafael Teixeira,3783.6,8663.44,VENCIDA
147,Ana Costa,623.87,1367.88,VENCIDA
954,Carlos Lima,4921.42,10565.43,VENCIDA
830,Rafael Teixeira,3238.7,7101.10,VENCIDA
774,Maria Souza,3150.15,6834.17,VENCIDA
797,Ana Costa,1889.73,4035.84,VENCIDA
529,Carlos Lima,4716.09,10124.62,VENCIDA
586,Ana Costa,976.13,2210.66,VENCIDA
188,Juliana Freitas,963.73,2068.96,VENCIDA
886,Ana Costa,1850.23,4260.03,VENCIDA
238,Bruno Ribeiro,3466.38,8025.56,VENCIDA
475,João Silva,4430.1,9560.57,VENCIDA
999,Pedro Santos,2819.02,6526.75,VENCIDA
879,Carlos Lima,2080.33,4685.72,VENCIDA
627,Maria Souza,2743.57,6146.12,VENCIDA
156,Rafael Teixeira,2397.07,5283.87,VENCIDA
685,Marina Rocha,4079.56,8758.10,VENCIDA
464,Lucas Alves,1520.93,3444.47,VENCIDA
628,Rafael Teixeira,4384.49,9664.75,VENCIDA
462,Maria Souza,819.5,1759.32,VENCIDA
254,Carlos Lima,2990.16,6884.64,VENCIDA
854,Carlos Lima,1781.65,3991.23,VENCIDA
399,Carlos Lima,1928.15,4161.13,VENCIDA
854,Pedro Santos,3299.69,7682.37,VENCIDA
848,Marina Rocha,1209.21,2723.61,VENCIDA
656,João Silva,1084.98,2417.45,VENCIDA
942,João Silva,1615.36,3739.97,VENCIDA
903,Juliana Freitas,3083.33,6654.11,VENCIDA
918,Marina Rocha,2533.66,5645.27,VENCIDA
885,Lucas Alves,3748.13,8218.07,VENCIDA
424,Bruno Ribeiro,3541.93,8110.08,VENCIDA
651,Marina Rocha,3763.49,8251.75,VENCIDA
282,Marina Rocha,150.77,327.09,VENCIDA
268,Ana Costa,361.04,771.06,VENCIDA
822,Bruno Ribeiro,2802.34,6416.61,VENCIDA
699,Marina Rocha,3619.2,8151.86,VENCIDA
625,Rafael Teixeira,640.43,1442.50,VENCIDA
329,Carlos Lima,4989.49,11299.78,VENCIDA
887,Bruno Ribeiro,4553.1,10255.37,VENCIDA
790,Ana Costa,985.62,2149.61,VENCIDA
219,Marina Rocha,4376.59,9494.90,VENCIDA
939,Rafael Teixeira,735.32,1629.58,VENCIDA
630,Marina Rocha,1099.7,2518.02,VENCIDA
630,Marina Rocha,687.69,1484.10,VENCIDA
296,Pedro Santos,3135.01,6873.76,VENCIDA
744,Juliana Freitas,1356.64,2912.47,VENCIDA
255,Rafael Teixeira,4167.57,8947.04,VENCIDA
813,Pedro Santos,3764.97,8343.73,VENCIDA
414,Bruno Ribeiro,4290.4,9988.95,VENCIDA
704,João Silva,2175.03,4645.14,VENCIDA
198,Pedro Santos,4194.47,9295.56,VENCIDA
542,Maria Souza,4152.61,9614.36,VENCIDA
639,Rafael Teixeira,1252.76,2732.23,VENCIDA
715,Juliana Freitas,1174.72,2548.52,VENCIDA
581,Bruno Ribeiro,4957.01,10868.63,VENCIDA
605,Maria Souza,4702.41,10477.48,VENCIDA
860,Juliana Freitas,1393.22,3104.25,VENCIDA
992,Carlos Lima,883.0,1925.80,VENCIDA
547,Marina Rocha,1448.84,3193.68,VENCIDA
895,Juliana Freitas,4161.91,9077.00,VENCIDA
347,Maria Souza,4859.67,10769.75,VENCIDA
816,Carlos Lima,3517.31,7630.71,VENCIDA
849,Maria Souza,2623.09,6006.18,VENCIDA
918,Ana Costa,4025.77,9217.95,VENCIDA
763,Marina Rocha,3323.47,7526.72,VENCIDA
487,Bruno Ribeiro,1532.44,3414.44,VENCIDA
200,Bruno Ribeiro,338.51,766.63,VENCIDA
926,Lucas Alves,2599.87,5670.24,VENCIDA
802,João Silva,1619.62,3551.14,VENCIDA
621,Carlos Lima,4791.57,10233.20,VENCIDA
882,Carlos Lima,697.79,1615.56,VENCIDA
780,Maria Souza,1631.66,3596.68,VENCIDA
409,Marina Rocha,1405.33,3148.21,VENCIDA
654,Marina Rocha,3703.21,8163.00,VENCIDA
750,Pedro Santos,3020.89,6767.37,VENCIDA
662,Maria Souza,4878.67,10988.68,VENCIDA
915,Juliana Freitas,2207.17,4998.61,VENCIDA
725,Maria Souza,3492.31,7536.73,VENCIDA
489,Bruno Ribeiro,250.96,538.77,VENCIDA
928,Rafael Teixeira,1634.77,3603.53,VENCIDA
182,Ana Costa,2340.13,5270.89,VENCIDA
376,Juliana Freitas,2020.73,4430.61,VENCIDA
748,Ana Costa,4606.27,9837.47,VENCIDA
174,João Silva,1440.37,3158.12,VENCIDA
247,Rafael Teixeira,4579.17,9934.39,VENCIDA
177,João Silva,2233.51,5030.74,VENCIDA
405,Bruno Ribeiro,3363.74,7535.42,VENCIDA
785,Pedro Santos,1685.38,3796.14,VENCIDA
382,Carlos Lima,4039.19,8903.60,VENCIDA
733,Pedro Santos,2620.5,5934.69,VENCIDA
442,Ana Costa,4908.73,10996.49,VENCIDA
933,Juliana Freitas,779.84,1691.84,VENCIDA
527,Rafael Teixeira,2631.26,5590.43,VENCIDA
218,Ana Costa,1920.6,4188.77,VENCIDA
836,Juliana Freitas,2955.67,6412.25,VENCIDA
273,Juliana Freitas,2659.01,6055.00,VENCIDA
471,Bruno Ribeiro,1412.03,3269.21,VENCIDA
836,Juliana Freitas,255.21,547.89,VENCIDA
134,Pedro Santos,717.03,1580.55,VENCIDA
981,Bruno Ribeiro,689.74,1488.52,VENCIDA
134,Juliana Freitas,1693.83,3674.72,VENCIDA
932,Carlos Lima,674.84,1503.62,VENCIDA
182,Maria Souza,4297.68,9323.71,VENCIDA
639,Bruno Ribeiro,2966.11,6468.99,VENCIDA
408,Juliana Freitas,3457.54,7384.16,VENCIDA
427,João Silva,178.34,388.95,VENCIDA
898,Bruno Ribeiro,2048.14,4538.98,VENCIDA
153,Marina Rocha,4814.45,10785.28,VENCIDA
650,Carlos Lima,3259.85,7224.31,VENCIDA
918,Ana Costa,1534.94,3476.20,VENCIDA
735,Lucas Alves,1319.18,2846.91,VENCIDA
851,Carlos Lima,789.62,1808.02,VENCIDA
899,João Silva,3155.45,7225.14,VENCIDA
494,Lucas Alves,4956.25,11224.50,VENCIDA
362,Pedro Santos,942.86,2182.96,VENCIDA
648,João Silva,3681.99,8073.05,VENCIDA
983,Maria Souza,4428.46,9974.63,VENCIDA
205,Ana Costa,4126.63,9096.35,VENCIDA
506,Rafael Teixeira,3635.65,7805.10,VENCIDA
478,Bruno Ribeiro,1015.25,2168.24,VENCIDA
678,Carlos Lima,2380.42,5332.59,VENCIDA
660,Marina Rocha,376.55,816.92,VENCIDA
757,Marina Rocha,3582.46,7690.91,VENCIDA
836,Carlos Lima,3784.52,8570.86,VENCIDA
112,João Silva,524.74,1126.52,VENCIDA
572,Lucas Alves,2960.58,6526.02,VENCIDA
802,Rafael Teixeira,3011.82,6398.98,VENCIDA
768,Maria Souza,1902.55,4239.09,VENCIDA
818,Pedro Santos,3711.26,7967.43,VENCIDA
925,Bruno Ribeiro,1531.92,3431.79,VENCIDA
563,Carlos Lima,1805.32,3979.47,VENCIDA
915,Juliana Freitas,4392.62,9631.16,VENCIDA
395,Rafael Teixeira,499.59,1072.53,VENCIDA
422,Lucas Alves,1756.65,3914.01,VENCIDA
622,João Silva,956.07,2201.29,VENCIDA
191,João Silva,4520.56,10182.07,VENCIDA
161,Bruno Ribeiro,2611.75,5947.38,VENCIDA
545,Lucas Alves,722.9,1585.02,VENCIDA
758,Ana Costa,1912.46,4403.31,VENCIDA
623,Bruno Ribeiro,2628.76,5794.59,VENCIDA
616,Ana Costa,4255.58,9690.65,VENCIDA
416,Lucas Alves,3988.17,8652.23,VENCIDA
222,Bruno Ribeiro,3930.37,8663.73,VENCIDA
213,João Silva,2202.63,4679.76,VENCIDA
758,Marina Rocha,2014.1,4369.54,VENCIDA
894,Rafael Teixeira,2297.07,4931.41,VENCIDA
522,Ana Costa,4380.41,9453.33,VENCIDA
552,Pedro Santos,1297.14,2905.84,VENCIDA
861,Lucas Alves,3839.68,8791.85,VENCIDA
774,Rafael Teixeira,1310.91,2814.29,VENCIDA
278,Rafael Teixeira,4947.44,11454.59,VENCIDA
528,Bruno Ribeiro,4848.63,10687.86,VENCIDA
885,João Silva,2641.21,5822.03,VENCIDA
445,Carlos Lima,4874.97,11101.10,VENCIDA
211,Juliana Freitas,1295.45,2933.83,VENCIDA
456,João Silva,3504.67,7563.40,VENCIDA
568,Ana Costa,3490.9,7695.01,VENCIDA
985,Juliana Freitas,736.56,1573.05,VENCIDA
509,João Silva,932.14,2088.17,VENCIDA
412,Juliana Freitas,3698.44,8285.21,VENCIDA
959,Juliana Freitas,3897.59,8500.52,VENCIDA
339,Ana Costa,3180.98,7364.78,VENCIDA
120,Marina Rocha,1089.11,2466.52,VENCIDA
300,Bruno Ribeiro,3142.2,6781.16,VENCIDA
176,Marina Rocha,3200.85,7093.56,VENCIDA
630,Juliana Freitas,1659.0,3777.81,VENCIDA
268,João Silva,2544.67,5891.56,VENCIDA
348,Juliana Freitas,2790.75,5991.25,VENCIDA
868,Marina Rocha,2590.3,5649.36,VENCIDA
950,Lucas Alves,3298.29,7429.04,VENCIDA
512,Marina Rocha,4387.54,9419.28,VENCIDA
509,Carlos Lima,2966.16,6573.45,VENCIDA
179,Maria Souza,634.68,1362.55,VENCIDA
900,Juliana Freitas,3238.1,7373.68,VENCIDA
421,João Silva,2145.05,4629.22,VENCIDA
599,Pedro Santos,4418.54,9585.91,VENCIDA
598,Carlos Lima,1562.1,3480.53,VENCIDA
729,Pedro Santos,1151.26,2650.70,VENCIDA
248,Lucas Alves,2204.15,4731.92,VENCIDA
603,Rafael Teixeira,2777.49,6188.55,VENCIDA
520,Carlos Lima,463.92,1001.18,VENCIDA
546,Lucas Alves,3526.25,7985.95,VENCIDA
102,Pedro Santos,4892.83,11020.57,VENCIDA
906,Maria Souza,270.41,622.60,VENCIDA
974,Lucas Alves,1207.12,2618.82,VENCIDA
940,João Silva,3190.23,6778.03,VENCIDA
881,Lucas Alves,117.79,269.71,VENCIDA
400,João Silva,1513.28,3265.80,VENCIDA
538,Bruno Ribeiro,1530.37,3285.44,VENCIDA
736,Lucas Alves,1900.96,4235.55,VENCIDA
556,Pedro Santos,2694.84,6103.05,VENCIDA
475,Maria Souza,3898.59,8326.10,VENCIDA
828,Carlos Lima,776.32,1684.21,VENCIDA
905,Maria Souza,1706.6,3782.08,VENCIDA
884,Marina Rocha,3807.87,8438.80,VENCIDA
583,Carlos Lima,504.54,1094.59,VENCIDA
615,Juliana Freitas,337.7,744.39,VENCIDA
241,Lucas Alves,2119.33,4573.71,VENCIDA
718,Rafael Teixeira,473.16,1048.59,VENCIDA
531,Pedro Santos,3612.73,8181.81,VENCIDA
531,Carlos Lima,2315.04,5049.03,VENCIDA
580,Maria Souza,3841.19,8512.64,VENCIDA
649,Maria Souza,4586.86,10165.16,VENCIDA
846,Marina Rocha,2244.47,5196.52,VENCIDA
225,Ana Costa,3337.83,7477.37,VENCIDA
415,Pedro Santos,4343.15,9944.66,VENCIDA
150,Carlos Lima,1231.17,2656.98,VENCIDA
296,Marina Rocha,419.6,934.91,VENCIDA
787,Marina Rocha,2182.75,4685.98,VENCIDA
513,João Silva,343.65,786.87,VENCIDA
383,João Silva,4778.51,10647.04,VENCIDA
289,Bruno Ribeiro,2710.5,6006.87,VENCIDA
961,João Silva,481.55,1108.74,VENCIDA
769,Bruno Ribeiro,3143.33,6819.37,VENCIDA
118,Rafael Teixeira,2981.56,6643.24,VENCIDA
230,Pedro Santos,3007.73,6774.59,VENCIDA
291,Carlos Lima,2470.55,5656.90,VENCIDA
549,Maria Souza,2579.25,5716.00,VENCIDA
151,Maria Souza,2825.79,6003.74,VENCIDA
179,Carlos Lima,287.2,633.08,VENCIDA
442,Marina Rocha,2701.19,5922.57,VENCIDA
437,Ana Costa,2661.97,5931.16,VENCIDA
361,João Silva,1568.69,3403.23,VENCIDA
376,Pedro Santos,2377.73,5326.57,VENCIDA
405,Rafael Teixeira,1353.37,2983.24,VENCIDA
876,Ana Costa,861.05,1918.51,VENCIDA
213,João Silva,589.02,1257.95,VENCIDA
113,Maria Souza,4349.88,10071.09,VENCIDA
172,Rafael Teixeira,270.62,587.10,VENCIDA
396,Ana Costa,3611.77,8269.99,VENCIDA
600,Juliana Freitas,3729.38,8354.52,VENCIDA
813,Bruno Ribeiro,3677.73,7895.44,VENCIDA
576,Carlos Lima,4901.71,10468.43,VENCIDA
725,Maria Souza,3063.31,7053.06,VENCIDA
481,Carlos Lima,3055.63,6699.71,VENCIDA
635,Marina Rocha,4362.91,9366.40,VENCIDA
876,Marina Rocha,3401.7,7875.81,VENCIDA
232,Pedro Santos,1421.51,3116.77,VENCIDA
625,Rafael Teixeira,298.47,672.27,VENCIDA
358,Ana Costa,4130.59,9406.03,VENCIDA
910,Bruno Ribeiro,3317.93,7681.86,VENCIDA
860,Juliana Freitas,1313.52,2974.75,VENCIDA
694,Rafael Teixeira,2669.31,6112.01,VENCIDA
954,Maria Souza,2623.81,6074.79,VENCIDA
876,Pedro Santos,1624.52,3487.56,VENCIDA
918,Ana Costa,377.7,869.63,VENCIDA
798,João Silva,2177.6,4986.13,VENCIDA
238,João Silva,2845.22,6305.43,VENCIDA
608,Lucas Alves,4318.87,9675.09,VENCIDA
846,Lucas Alves,4049.39,9375.38,VENCIDA
354,Juliana Freitas,209.17,458.62,VENCIDA
651,Maria Souza,3374.62,7856.82,VENCIDA
171,Pedro Santos,3023.33,6809.72,VENCIDA
103,Juliana Freitas,2786.12,6344.45,VENCIDA
743,João Silva,782.93,1792.70,VENCIDA
718,Pedro Santos,1605.73,3539.52,VENCIDA
439,Maria Souza,4480.38,9568.61,VENCIDA
176,Rafael Teixeira,4065.0,9155.97,VENCIDA
328,Carlos Lima,4335.73,9712.86,VENCIDA
514,Carlos Lima,3297.14,7346.39,VENCIDA
337,Ana Costa,734.94,1602.88,VENCIDA
351,Pedro Santos,2277.43,5186.08,VENCIDA
934,Pedro Santos,2647.36,5962.89,VENCIDA
406,Carlos Lima,3699.19,7941.51,VENCIDA
891,João Silva,407.03,897.22,VENCIDA
683,Carlos Lima,2470.36,5248.58,VENCIDA
211,Pedro Santos,4120.11,9180.05,VENCIDA
936,Bruno Ribeiro,1277.66,2742.91,VENCIDA
105,Rafael Teixeira,3560.33,7848.05,VENCIDA
402,Marina Rocha,4050.21,8975.86,VENCIDA
983,Ana Costa,2463.88,5549.62,VENCIDA
439,João Silva,4006.23,9327.34,VENCIDA
400,Pedro Santos,624.13,1413.48,VENCIDA
981,Ana Costa,2668.52,6178.31,VENCIDA
475,João Silva,482.58,1086.96,VENCIDA
472,Lucas Alves,3741.33,7948.91,VENCIDA
473,Bruno Ribeiro,209.1,456.04,VENCIDA
292,Lucas Alves,4267.87,9308.09,VENCIDA
328,Marina Rocha,4797.28,10518.41,VENCIDA
210,Ana Costa,4497.27,10129.61,VENCIDA
316,Carlos Lima,4636.07,9901.11,VENCIDA
395,João Silva,572.69,1223.08,VENCIDA
928,Ana Costa,3834.46,8683.96,VENCIDA
919,Pedro Santos,501.35,1093.43,VENCIDA
651,Bruno Ribeiro,4749.46,10413.56,VENCIDA
519,Rafael Teixeira,2025.76,4538.09,VENCIDA
811,Rafael Teixeira,367.17,805.05,VENCIDA
799,Bruno Ribeiro,4661.35,10732.44,VENCIDA
166,Juliana Freitas,4727.13,10309.72,VENCIDA
577,João Silva,1967.97,4432.64,VENCIDA
939,Marina Rocha,2461.65,5455.38,VENCIDA
804,Juliana Freitas,2186.23,4951.19,VENCIDA
275,Lucas Alves,2975.22,6888.40,VENCIDA
532,Marina Rocha,742.03,1609.81,VENCIDA
410,Carlos Lima,3176.5,7001.97,VENCIDA
790,Maria Souza,4687.86,10675.02,VENCIDA
839,Carlos Lima,1615.73,3561.56,VENCIDA
309,Ana Costa,3679.6,8067.81,VENCIDA
254,João Silva,4229.05,9174.81,VENCIDA
926,Carlos Lima,355.19,800.03,VENCIDA
121,Carlos Lima,413.98,917.44,VENCIDA
804,Maria Souza,938.26,2046.32,VENCIDA
637,João Silva,117.16,258.26,VENCIDA
552,Marina Rocha,4465.4,9738.90,VENCIDA
627,Marina Rocha,835.8,1832.56,VENCIDA
739,Maria Souza,3215.37,7362.34,VENCIDA
991,Carlos Lima,4897.25,10458.90,VENCIDA
138,Juliana Freitas,3855.74,8927.03,VENCIDA
979,Lucas Alves,3847.12,8907.07,VENCIDA
587,João Silva,4480.22,9618.25,VENCIDA
794,Ana Costa,911.29,1998.07,VENCIDA
636,Juliana Freitas,1124.75,2519.65,VENCIDA
622,Maria Souza,553.91,1220.99,VENCIDA
110,Marina Rocha,3714.19,8187.21,VENCIDA
800,Bruno Ribeiro,1297.11,2970.04,VENCIDA
499,Ana Costa,1968.22,4270.00,VENCIDA
618,Rafael Teixeira,2433.1,5633.25,VENCIDA
949,Maria Souza,2204.38,4782.35,VENCIDA
903,Lucas Alves,3220.22,7023.20,VENCIDA
792,Lucas Alves,3988.15,8652.19,VENCIDA
596,Juliana Freitas,3913.67,8767.36,VENCIDA
807,Lucas Alves,2971.79,6379.91,VENCIDA
546,Pedro Santos,1926.42,4246.42,VENCIDA
740,Rafael Teixeira,3027.42,6465.57,VENCIDA
190,João Silva,514.34,1171.24,VENCIDA
130,Maria Souza,2671.03,5794.73,VENCIDA
395,Lucas Alves,966.14,2236.86,VENCIDA
392,Carlos Lima,1470.22,3293.57,VENCIDA
785,Carlos Lima,3385.78,7667.83,VENCIDA
420,Carlos Lima,2297.45,5319.19,VENCIDA
349,Carlos Lima,1799.61,3904.21,VENCIDA
449,Pedro Santos,4945.51,10617.14,VENCIDA
506,Juliana Freitas,1644.68,3549.37,VENCIDA
597,João Silva,1447.22,3156.34,VENCIDA
654,Carlos Lima,1004.63,2287.71,VENCIDA
921,Lucas Alves,1486.74,3158.76,VENCIDA
892,Maria Souza,115.08,257.80,VENCIDA
674,Ana Costa,330.73,765.72,VENCIDA
379,Maria Souza,1942.12,4496.51,VENCIDA
445,Rafael Teixeira,1761.74,4011.77,VENCIDA
338,Bruno Ribeiro,4722.38,10191.34,VENCIDA
962,Rafael Teixeira,3217.6,7327.00,VENCIDA
702,Ana Costa,4476.31,9609.85,VENCIDA
741,Bruno Ribeiro,2899.16,6530.04,VENCIDA
921,Lucas Alves,3139.84,6921.16,VENCIDA
698,Maria Souza,3774.63,8455.89,VENCIDA
499,João Silva,315.77,315.77,PENDENTE
620,Carlos Lima,3541.23,3541.23,PENDENTE
737,Bruno Ribeiro,1593.7,1593.7,PAGA
603,Bruno Ribeiro,3392.12,3392.12,PENDENTE
153,Carlos Lima,2831.47,2831.47,PENDENTE
101,Lucas Alves,4453.9,4453.9,PAGA
670,Maria Souza,1320.18,1320.18,PAGA
480,Rafael Teixeira,1281.95,1281.95,PENDENTE
165,Marina Rocha,3345.79,3345.79,PENDENTE
358,João Silva,704.78,704.78,PENDENTE
587,Lucas Alves,342.24,342.24,PAGA
127,Bruno Ribeiro,2204.36,2204.36,PAGA
861,Rafael Teixeira,4187.83,4187.83,PAGA
759,Maria Souza,1658.53,1658.53,PAGA
445,Carlos Lima,1934.17,1934.17,PAGA
687,Bruno Ribeiro,3698.85,3698.85,PENDENTE
326,Carlos Lima,1842.62,1842.62,PENDENTE
314,Juliana Freitas,2105.75,2105.75,PAGA
421,Juliana Freitas,1440.32,1440.32,PENDENTE
459,Pedro Santos,266.47,266.47,PENDENTE
149,Pedro Santos,2564.13,2564.13,PENDENTE
750,Rafael Teixeira,3984.7,3984.7,PAGA
874,Maria Souza,2768.47,2768.47,PAGA
243,João Silva,258.23,258.23,PENDENTE
463,Maria Souza,4027.56,4027.56,PAGA
453,Maria Souza,4121.44,4121.44,PAGA
394,Ana Costa,4858.38,4858.38,PAGA
340,Pedro Santos,2457.29,2457.29,PAGA
822,João Silva,4799.81,4799.81,PAGA
451,Maria Souza,2649.26,2649.26,PENDENTE
546,Pedro Santos,4730.77,4730.77,PAGA
450,Lucas Alves,3198.2,3198.2,PENDENTE
329,Lucas Alves,2057.41,2057.41,PAGA
791,Maria Souza,3684.01,3684.01,PAGA
567,João Silva,4594.13,4594.13,PENDENTE
400,Lucas Alves,1624.95,1624.95,PAGA
626,Ana Costa,2676.24,2676.24,PAGA
652,Maria Souza,1525.47,1525.47,PAGA
381,Rafael Teixeira,3972.94,3972.94,PAGA
642,Juliana Freitas,1664.25,1664.25,PAGA
217,Ana Costa,4377.77,4377.77,PAGA
288,Maria Souza,3987.22,3987.22,PENDENTE
706,Carlos Lima,1633.87,1633.87,PENDENTE
331,Pedro Santos,1775.24,1775.24,PAGA
368,Pedro Santos,909.19,909.19,PENDENTE
478,Lucas Alves,125.81,125.81,PENDENTE
736,Maria Souza,4361.88,4361.88,PAGA
182,Carlos Lima,4811.1,4811.1,PENDENTE
293,Lucas Alves,1937.11,1937.11,PAGA
941,Maria Souza,2643.12,2643.12,PENDENTE
112,Lucas Alves,3199.06,3199.06,PENDENTE
750,Ana Costa,1688.44,1688.44,PAGA
129,Lucas Alves,2414.6,2414.6,PAGA
202,Marina Rocha,1858.77,1858.77,PENDENTE
523,Juliana Freitas,1921.32,1921.32,PAGA
474,Juliana Freitas,574.95,574.95,PAGA
366,Ana Costa,395.82,395.82,PENDENTE
995,Ana Costa,2898.16,2898.16,PENDENTE
238,Juliana Freitas,237.83,237.83,PAGA
140,Rafael Teixeira,1475.16,1475.16,PAGA
325,Rafael Teixeira,3332.92,3332.92,PENDENTE
183,Marina Rocha,2291.87,2291.87,PENDENTE
580,Carlos Lima,1654.86,1654.86,PAGA
703,Maria Souza,1236.73,1236.73,PAGA
384,Bruno Ribeiro,1997.64,1997.64,PENDENTE
995,Juliana Freitas,4486.39,4486.39,PAGA
849,Bruno Ribeiro,1786.73,1786.73,PENDENTE
568,Rafael Teixeira,4033.33,4033.33,PENDENTE
486,Lucas Alves,795.76,795.76,PENDENTE
172,Juliana Freitas,3915.97,3915.97,PAGA
998,Ana Costa,3566.77,3566.77,PAGA
728,Pedro Santos,3348.33,3348.33,PENDENTE
941,Bruno Ribeiro,4548.91,4548.91,PAGA
406,João Silva,4245.82,4245.82,PAGA
484,Juliana Freitas,519.66,519.66,PENDENTE
963,Ana Costa,3982.2,3982.2,PENDENTE
707,Marina Rocha,3433.39,3433.39,PENDENTE
702,Lucas Alves,3553.11,3553.11,PENDENTE
315,Lucas Alves,1441.56,1441.56,PAGA
381,Juliana Freitas,598.82,598.82,PENDENTE
101,Carlos Lima,475.77,475.77,PENDENTE
670,Carlos Lima,1747.74,1747.74,PAGA
783,Marina Rocha,941.32,941.32,PAGA
607,João Silva,1300.36,1300.36,PAGA
886,Maria Souza,2810.02,2810.02,PAGA
421,Juliana Freitas,3758.18,3758.18,PENDENTE
663,Pedro Santos,2201.91,2201.91,PENDENTE
644,Juliana Freitas,4634.93,4634.93,PENDENTE
887,Rafael Teixeira,1552.75,1552.75,PENDENTE
469,Marina Rocha,3133.63,3133.63,PENDENTE
923,Bruno Ribeiro,195.8,195.8,PENDENTE
480,Pedro Santos,1755.76,1755.76,PENDENTE
847,Juliana Freitas,1610.89,1610.89,PENDENTE
142,Carlos Lima,1225.6,1225.6,PAGA
424,Maria Souza,409.56,409.56,PENDENTE
154,Marina Rocha,290.9,290.9,PAGA
220,Pedro Santos,2029.6,2029.6,PAGA
369,Rafael Teixeira,4432.92,4432.92,PAGA
646,João Silva,4294.8,4294.8,PAGA
903,Maria Souza,2963.35,2963.35,PENDENTE
294,Pedro Santos,2391.76,2391.76,PAGA
396,Maria Souza,4457.66,4457.66,PAGA
779,João Silva,939.22,939.22,PAGA
559,Rafael Teixeira,3542.18,3542.18,PENDENTE
405,Rafael Teixeira,1215.29,1215.29,PENDENTE
751,Ana Costa,883.91,883.91,PAGA
755,João Silva,2535.56,2535.56,PAGA
576,Lucas Alves,2610.23,2610.23,PENDENTE
202,Pedro Santos,987.41,987.41,PENDENTE
624,Maria Souza,4927.88,4927.88,PENDENTE
193,Juliana Freitas,2824.47,2824.47,PENDENTE
874,Carlos Lima,2407.07,2407.07,PAGA
479,Pedro Santos,2368.42,2368.42,PAGA
494,Rafael Teixeira,650.21,650.21,PENDENTE
873,Pedro Santos,1413.86,1413.86,PAGA
517,Maria Souza,1415.15,1415.15,PAGA
872,Pedro Santos,3760.7,3760.7,PENDENTE
821,Pedro Santos,4929.53,4929.53,PAGA
504,Lucas Alves,3584.51,3584.51,PENDENTE
895,Pedro Santos,2133.93,2133.93,PENDENTE
609,Lucas Alves,2792.8,2792.8,PENDENTE
867,Carlos Lima,4283.47,4283.47,PAGA
876,João Silva,1888.52,1888.52,PENDENTE
394,Carlos Lima,3111.66,3111.66,PAGA
849,Carlos Lima,1548.36,1548.36,PAGA
838,Ana Costa,4502.55,4502.55,PAGA
545,Carlos Lima,3884.13,3884.13,PAGA
290,João Silva,4885.78,4885.78,PAGA
819,Bruno Ribeiro,1882.9,1882.9,PENDENTE
874,Ana Costa,2315.12,2315.12,PENDENTE
514,Lucas Alves,2316.74,2316.74,PENDENTE
398,Lucas Alves,3060.77,3060.77,PENDENTE
994,Marina Rocha,3401.89,3401.89,PENDENTE
244,Carlos Lima,224.12,224.12,PENDENTE
317,Rafael Teixeira,4516.69,4516.69,PAGA
121,Lucas Alves,2523.11,2523.11,PAGA
969,Lucas Alves,628.44,628.44,PAGA
934,Maria Souza,1150.49,1150.49,PAGA
634,Pedro Santos,4611.26,4611.26,PAGA
551,Juliana Freitas,4918.45,4918.45,PAGA
407,Carlos Lima,4913.84,4913.84,PENDENTE
903,Ana Costa,1462.71,1462.71,PENDENTE
480,Maria Souza,4296.78,4296.78,PAGA
435,Juliana Freitas,3776.84,3776.84,PAGA
183,Carlos Lima,2030.42,2030.42,PAGA
176,João Silva,362.03,362.03,PENDENTE
153,João Silva,3414.59,3414.59,PENDENTE
137,Rafael Teixeira,2000.86,2000.86,PENDENTE
768,João Silva,1609.18,1609.18,PENDENTE
959,Carlos Lima,3417.66,3417.66,PAGA
299,Marina Rocha,534.53,534.53,PENDENTE
270,Bruno Ribeiro,2973.15,2973.15,PENDENTE
415,Maria Souza,4017.57,4017.57,PAGA
699,Juliana Freitas,3791.79,3791.79,PENDENTE
555,Juliana Freitas,2972.98,2972.98,PAGA
597,Ana Costa,1516.87,1516.87,PENDENTE
117,Carlos Lima,227.55,227.55,PENDENTE
954,João Silva,1566.27,1566.27,PAGA
575,Maria Souza,648.53,648.53,PAGA
920,Lucas Alves,4751.08,4751.08,PAGA
367,Pedro Santos,2608.7,2608.7,PENDENTE
256,Ana Costa,4497.6,4497.6,PENDENTE
566,Bruno Ribeiro,1251.23,1251.23,PAGA
231,Lucas Alves,1289.89,1289.89,PENDENTE
796,Rafael Teixeira,3400.12,3400.12,PAGA
285,Lucas Alves,2539.46,2539.46,PAGA
942,Rafael Teixeira,1448.83,1448.83,PAGA
433,João Silva,2298.32,2298.32,PENDENTE
806,Maria Souza,1648.11,1648.11,PAGA
795,Juliana Freitas,4115.1,4115.1,PENDENTE
856,Lucas Alves,305.14,305.14,PENDENTE
918,João Silva,639.21,639.21,PENDENTE
905,Pedro Santos,683.88,683.88,PAGA
270,Maria Souza,4167.13,4167.13,PENDENTE
808,Pedro Santos,4735.88,4735.88,PENDENTE
405,Pedro Santos,2240.51,2240.51,PAGA
384,Carlos Lima,809.24,809.24,PAGA
257,Lucas Alves,2858.56,2858.56,PAGA
899,João Silva,4096.63,4096.63,PENDENTE
990,Rafael Teixeira,4589.72,4589.72,PAGA
473,Bruno Ribeiro,1163.34,1163.34,PENDENTE
605,Pedro Santos,1689.1,1689.1,PAGA
680,Juliana Freitas,1234.62,1234.62,PENDENTE
941,Marina Rocha,4459.54,4459.54,PAGA
223,Juliana Freitas,2250.92,2250.92,PENDENTE
270,Marina Rocha,4461.18,4461.18,PAGA
607,Ana Costa,3285.7,3285.7,PAGA
937,Lucas Alves,2176.72,2176.72,PENDENTE
161,Lucas Alves,4884.74,4884.74,PAGA
761,Marina Rocha,1349.65,1349.65,PENDENTE
439,Lucas Alves,1712.06,1712.06,PAGA
255,Bruno Ribeiro,4473.5,4473.5,PAGA
806,Juliana Freitas,3071.36,3071.36,PENDENTE
250,Carlos Lima,2246.85,2246.85,PENDENTE
603,Marina Rocha,828.57,828.57,PENDENTE
706,João Silva,2736.79,2736.79,PAGA
296,Marina Rocha,153.51,153.51,PENDENTE
482,Lucas Alves,4759.59,4759.59,PAGA
452,Maria Souza,4758.72,4758.72,PENDENTE
504,Pedro Santos,4239.22,4239.22,PAGA
219,Marina Rocha,3708.64,3708.64,PAGA
880,Marina Rocha,1507.61,1507.61,PENDENTE
445,Pedro Santos,4415.46,4415.46,PAGA
432,Juliana Freitas,746.83,746.83,PENDENTE
570,Rafael Teixeira,1588.61,1588.61,PAGA
520,Carlos Lima,1715.43,1715.43,PAGA
707,Ana Costa,3039.13,3039.13,PAGA
471,Pedro Santos,837.42,837.42,PAGA
470,Bruno Ribeiro,3194.29,3194.29,PAGA
240,Rafael Teixeira,3910.27,3910.27,PAGA
249,Juliana Freitas,3993.8,3993.8,PAGA
323,João Silva,2156.65,2156.65,PAGA
578,Pedro Santos,4881.1,4881.1,PAGA
607,Carlos Lima,1019.74,1019.74,PENDENTE
800,João Silva,4558.22,4558.22,PAGA
225,Marina Rocha,2126.08,2126.08,PENDENTE
344,Ana Costa,2932.29,2932.29,PENDENTE
758,Ana Costa,2451.99,2451.99,PENDENTE
129,Pedro Santos,2521.8,2521.8,PENDENTE
305,Rafael Teixeira,244.64,244.64,PAGA
139,Lucas Alves,3513.3,3513.3,PENDENTE
971,Maria Souza,471.73,471.73,PAGA
175,Ana Costa,2104.85,2104.85,PENDENTE
616,Lucas Alves,1117.35,1117.35,PENDENTE
649,João Silva,2287.61,2287.61,PENDENTE
239,Marina Rocha,4321.09,4321.09,PAGA
252,Carlos Lima,4732.05,4732.05,PAGA
165,Carlos Lima,3384.84,3384.84,PENDENTE
310,Ana Costa,4054.31,4054.31,PAGA
199,Lucas Alves,2427.37,2427.37,PENDENTE
924,João Silva,571.21,571.21,PAGA
273,Rafael Teixeira,3734.31,3734.31,PENDENTE
317,Juliana Freitas,2832.45,2832.45,PENDENTE
973,Juliana Freitas,447.42,447.42,PENDENTE
644,Rafael Teixeira,1162.99,1162.99,PAGA
582,Maria Souza,4198.8,4198.8,PAGA
470,Bruno Ribeiro,3362.11,3362.11,PENDENTE
909,Bruno Ribeiro,620.87,620.87,PENDENTE
788,Pedro Santos,1710.79,1710.79,PAGA
780,Lucas Alves,3179.47,3179.47,PENDENTE
249,Lucas Alves,3712.01,3712.01,PENDENTE
998,Ana Costa,1174.89,1174.89,PENDENTE
820,Maria Souza,425.56,425.56,PAGA
896,Rafael Teixeira,4659.54,4659.54,PAGA
412,Juliana Freitas,1950.11,1950.11,PENDENTE
455,João Silva,4042.33,4042.33,PENDENTE
786,Pedro Santos,1726.89,1726.89,PENDENTE
981,Lucas Alves,4951.53,4951.53,PAGA
683,Juliana Freitas,394.3,394.3,PAGA
663,João Silva,1977.97,1977.97,PAGA
980,Juliana Freitas,4493.99,4493.99,PENDENTE
175,Lucas Alves,2699.53,2699.53,PAGA
810,Ana Costa,2243.71,2243.71,PAGA
154,Maria Souza,1133.17,1133.17,PENDENTE
860,Carlos Lima,4240.36,4240.36,PAGA
301,João Silva,1721.85,1721.85,PENDENTE
564,Maria Souza,3931.45,3931.45,PAGA
818,Ana Costa,3157.28,3157.28,PENDENTE
743,Carlos Lima,4819.96,4819.96,PENDENTE
855,Rafael Teixeira,897.22,897.22,PAGA
764,Juliana Freitas,3107.85,3107.85,PAGA
165,Rafael Teixeira,4345.96,4345.96,PAGA
317,Bruno Ribeiro,3466.11,3466.11,PENDENTE
365,Maria Souza,627.91,627.91,PENDENTE
941,João Silva,3686.17,3686.17,PAGA
901,Lucas Alves,4009.48,4009.48,PAGA
521,Rafael Teixeira,319.42,319.42,PAGA
884,Maria Souza,3562.78,3562.78,PAGA
133,Marina Rocha,2091.03,2091.03,PENDENTE
100,Carlos Lima,3770.13,3770.13,PENDENTE
939,Pedro Santos,3923.97,3923.97,PENDENTE
189,Pedro Santos,692.95,692.95,PAGA
212,João Silva,1959.84,1959.84,PAGA
181,Ana Costa,4493.23,4493.23,PENDENTE
746,Lucas Alves,3918.75,3918.75,PENDENTE
425,Ana Costa,2599.55,2599.55,PENDENTE
473,Pedro Santos,3550.85,3550.85,PAGA
222,João Silva,1492.43,1492.43,PENDENTE
206,Marina Rocha,2391.01,2391.01,PAGA
584,Rafael Teixeira,1489.52,1489.52,PAGA
144,Rafael Teixeira,506.22,506.22,PENDENTE
591,Rafael Teixeira,2232.67,2232.67,PAGA
740,Juliana Freitas,2861.31,2861.31,PENDENTE
492,Juliana Freitas,466.56,466.56,PENDENTE
201,Maria Souza,4122.12,4122.12,PENDENTE
900,Ana Costa,605.94,605.94,PAGA
224,Marina Rocha,3568.27,3568.27,PAGA
122,Lucas Alves,3298.09,3298.09,PENDENTE
122,Lucas Alves,133.31,133.31,PAGA
394,Ana Costa,2414.06,2414.06,PAGA
484,Ana Costa,2343.14,2343.14,PENDENTE
649,Marina Rocha,3977.4,3977.4,PENDENTE
636,Lucas Alves,1564.16,1564.16,PAGA
120,Bruno Ribeiro,2171.74,2171.74,PAGA
503,Pedro Santos,1979.6,1979.6,PAGA
845,Maria Souza,4633.04,4633.04,PENDENTE
564,Lucas Alves,4222.62,4222.62,PENDENTE
790,Carlos Lima,1428.19,1428.19,PENDENTE
197,Carlos Lima,4567.94,4567.94,PENDENTE
839,Carlos Lima,3625.12,3625.12,PAGA
196,Maria Souza,1957.94,1957.94,PAGA
957,Pedro Santos,3213.26,3213.26,PAGA
780,Bruno Ribeiro,2563.14,2563.14,PAGA
931,Juliana Freitas,1230.76,1230.76,PENDENTE
404,Ana Costa,762.76,762.76,PENDENTE
916,Carlos Lima,1589.84,1589.84,PAGA
177,Bruno Ribeiro,1961.47,1961.47,PAGA
152,Rafael Teixeira,1419.76,1419.76,PENDENTE
954,Juliana Freitas,2243.26,2243.26,PENDENTE
369,João Silva,3094.26,3094.26,PENDENTE
695,Bruno Ribeiro,1262.41,1262.41,PAGA
110,Juliana Freitas,1892.44,1892.44,PAGA
712,Pedro Santos,4324.75,4324.75,PAGA
154,Juliana Freitas,2326.83,2326.83,PENDENTE
661,Rafael Teixeira,2882.55,2882.55,PAGA
271,Carlos Lima,4036.37,4036.37,PAGA
589,Lucas Alves,1796.18,1796.18,PAGA
270,Marina Rocha,3497.9,3497.9,PAGA
757,Marina Rocha,3503.37,3503.37,PENDENTE
582,Maria Souza,1747.63,1747.63,PENDENTE
812,Ana Costa,2200.59,2200.59,PAGA
719,Pedro Santos,2937.88,2937.88,PAGA
956,Marina Rocha,2590.33,2590.33,PAGA
530,Bruno Ribeiro,3791.03,3791.03,PAGA
852,Rafael Teixeira,1541.63,1541.63,PAGA
883,Juliana Freitas,2912.54,2912.54,PENDENTE
169,Marina Rocha,2934.85,2934.85,PAGA
138,Bruno Ribeiro,1668.68,1668.68,PENDENTE
246,Maria Souza,1098.82,1098.82,PENDENTE
169,Bruno Ribeiro,4063.07,4063.07,PAGA
700,Maria Souza,2988.66,2988.66,PAGA
529,João Silva,4791.19,4791.19,PENDENTE
487,Ana Costa,2109.84,2109.84,PAGA
659,João Silva,3189.44,3189.44,PENDENTE
537,Pedro Santos,4995.29,4995.29,PENDENTE
388,Lucas Alves,1133.6,1133.6,PENDENTE
519,Lucas Alves,1254.73,1254.73,PENDENTE
570,Lucas Alves,4943.42,4943.42,PENDENTE
928,Ana Costa,904.88,904.88,PENDENTE
633,Pedro Santos,4310.92,4310.92,PAGA
789,Ana Costa,2567.28,2567.28,PAGA
852,Ana Costa,4167.38,4167.38,PENDENTE
371,Lucas Alves,870.2,870.2,PENDENTE
387,Pedro Santos,4148.04,4148.04,PENDENTE
649,Pedro Santos,476.61,476.61,PENDENTE
247,Carlos Lima,4205.54,4205.54,PAGA
740,Marina Rocha,380.08,380.08,PAGA
855,João Silva,936.81,936.81,PAGA
808,Lucas Alves,4907.39,4907.39,PENDENTE
845,Bruno Ribeiro,243.53,243.53,PENDENTE
647,Pedro Santos,4261.16,4261.16,PAGA
972,Maria Souza,245.59,245.59,PAGA
871,Juliana Freitas,3536.83,3536.83,PAGA
354,Maria Souza,521.23,521.23,PAGA
137,Ana Costa,683.52,683.52,PAGA
270,Pedro Santos,2404.9,2404.9,PAGA
275,Pedro Santos,2835.81,2835.81,PENDENTE
220,Maria Souza,3521.27,3521.27,PAGA
236,Carlos Lima,4126.01,4126.01,PENDENTE
185,Pedro Santos,4729.24,4729.24,PAGA
420,Marina Rocha,3679.26,3679.26,PENDENTE
396,Bruno Ribeiro,2997.04,2997.04,PAGA
279,Lucas Alves,3476.73,3476.73,PENDENTE
906,Marina Rocha,2241.94,2241.94,PAGA
601,João Silva,4151.68,4151.68,PAGA
738,Juliana Freitas,4938.18,4938.18,PAGA
403,Juliana Freitas,4886.87,4886.87,PENDENTE
329,João Silva,894.75,894.75,PAGA
305,Bruno Ribeiro,2400.01,2400.01,PAGA
270,Lucas Alves,3369.37,3369.37,PENDENTE
567,João Silva,4014.04,4014.04,PENDENTE
144,Bruno Ribeiro,4486.64,4486.64,PENDENTE
468,Marina Rocha,1688.28,1688.28,PENDENTE
234,Pedro Santos,866.14,866.14,PENDENTE
209,João Silva,3860.3,3860.3,PAGA
784,Bruno Ribeiro,1923.84,1923.84,PAGA
177,Marina Rocha,910.93,910.93,PAGA
926,Pedro Santos,388.79,388.79,PAGA
677,Ana Costa,2541.93,2541.93,PAGA
948,Juliana Freitas,4832.74,4832.74,PAGA
734,Juliana Freitas,1618.91,1618.91,PENDENTE
351,Ana Costa,4382.31,4382.31,PENDENTE
447,Marina Rocha,126.84,126.84,PAGA
608,Juliana Freitas,3784.84,3784.84,PENDENTE
783,Pedro Santos,3946.98,3946.98,PAGA
938,Carlos Lima,4059.19,4059.19,PAGA
845,João Silva,3781.7,3781.7,PAGA
989,Marina Rocha,602.37,602.37,PAGA
789,Ana Costa,4314.42,4314.42,PAGA
946,Bruno Ribeiro,215.44,215.44,PENDENTE
230,João Silva,3849.64,3849.64,PAGA
897,Maria Souza,530.37,530.37,PENDENTE
994,João Silva,2235.56,2235.56,PAGA
270,Juliana Freitas,1053.98,1053.98,PAGA
726,Marina Rocha,2139.38,2139.38,PENDENTE
939,Rafael Teixeira,3031.87,3031.87,PENDENTE
618,Rafael Teixeira,1808.05,1808.05,PENDENTE
178,Marina Rocha,1934.83,1934.83,PAGA
301,Lucas Alves,332.47,332.47,PAGA
195,Lucas Alves,2484.33,2484.33,PENDENTE
836,Bruno Ribeiro,1459.64,1459.64,PAGA
976,Ana Costa,2166.98,2166.98,PENDENTE
625,João Silva,2426.27,2426.27,PENDENTE
358,Maria Souza,472.22,472.22,PENDENTE
569,Juliana Freitas,2452.06,2452.06,PAGA
744,Lucas Alves,2604.23,2604.23,PAGA
694,Juliana Freitas,425.77,425.77,PAGA
250,Carlos Lima,703.83,703.83,PAGA
980,Pedro Santos,4704.1,4704.1,PENDENTE
656,Pedro Santos,2370.16,2370.16,PENDENTE
906,Carlos Lima,512.66,512.66,PENDENTE
265,Carlos Lima,3277.89,3277.89,PENDENTE
424,Ana Costa,4444.39,4444.39,PAGA
620,Maria Souza,2872.07,2872.07,PAGA
781,Rafael Teixeira,1118.07,1118.07,PENDENTE
457,Marina Rocha,4791.82,4791.82,PENDENTE
173,Marina Rocha,3856.22,3856.22,PAGA
103,Maria Souza,3994.65,3994.65,PAGA
311,Rafael Teixeira,244.79,244.79,PAGA
862,Pedro Santos,1344.39,1344.39,PENDENTE
664,Marina Rocha,2516.24,2516.24,PENDENTE
958,Lucas Alves,3959.44,3959.44,PENDENTE
254,João Silva,4145.41,4145.41,PAGA
361,Ana Costa,2834.19,2834.19,PENDENTE
389,Rafael Teixeira,3231.91,3231.91,PENDENTE
615,Pedro Santos,4577.22,4577.22,PAGA
319,Lucas Alves,1222.93,1222.93,PAGA
823,Maria Souza,4169.18,4169.18,PAGA
580,Ana Costa,1090.9,1090.9,PAGA
622,Pedro Santos,3259.29,3259.29,PAGA
578,Ana Costa,2416.26,2416.26,PENDENTE
959,Lucas Alves,4542.17,4542.17,PAGA
580,Carlos Lima,1081.14,1081.14,PAGA
244,Lucas Alves,3772.14,3772.14,PENDENTE
801,Maria Souza,4071.56,4071.56,PAGA
382,Ana Costa,1435.05,1435.05,PAGA
189,Maria Souza,546.37,546.37,PAGA
725,Rafael Teixeira,1544.23,1544.23,PENDENTE
951,João Silva,1145.81,1145.81,PENDENTE
492,Carlos Lima,973.4,973.4,PENDENTE
527,Juliana Freitas,572.87,572.87,PAGA
707,Juliana Freitas,3021.65,3021.65,PENDENTE
776,Maria Souza,4559.07,4559.07,PENDENTE
707,Lucas Alves,1119.97,1119.97,PAGA
591,João Silva,4871.55,4871.55,PENDENTE
162,Maria Souza,3645.06,3645.06,PAGA
220,Pedro Santos,749.09,749.09,PAGA
771,João Silva,3845.93,3845.93,PAGA
730,Lucas Alves,3712.04,3712.04,PAGA
258,Pedro Santos,725.94,725.94,PENDENTE
220,João Silva,997.22,997.22,PENDENTE
572,Ana Costa,4578.07,4578.07,PENDENTE
364,Ana Costa,1390.02,1390.02,PAGA
274,Pedro Santos,4947.89,4947.89,PAGA
781,Rafael Teixeira,175.63,175.63,PAGA
432,Rafael Teixeira,1947.57,1947.57,PAGA
650,Marina Rocha,3194.19,3194.19,PAGA
169,Marina Rocha,3220.92,3220.92,PAGA
505,Lucas Alves,4647.67,4647.67,PENDENTE
546,Rafael Teixeira,4823.19,4823.19,PAGA
979,Lucas Alves,1214.28,1214.28,PENDENTE
140,Rafael Teixeira,788.59,788.59,PAGA
710,Ana Costa,897.57,897.57,PENDENTE
192,Ana Costa,2024.77,2024.77,PAGA
481,Marina Rocha,1700.0,1700.0,PAGA
925,Carlos Lima,2472.64,2472.64,PAGA
630,João Silva,4317.96,4317.96,PAGA
738,Rafael Teixeira,1204.79,1204.79,PENDENTE
921,Rafael Teixeira,3195.69,3195.69,PAGA
414,Pedro Santos,3487.76,3487.76,PENDENTE
101,Lucas Alves,801.66,801.66,PENDENTE
387,Lucas Alves,993.72,993.72,PAGA
372,Carlos Lima,875.05,875.05,PAGA
804,João Silva,3582.79,3582.79,PENDENTE
350,Rafael Teixeira,2715.55,2715.55,PENDENTE
306,Bruno Ribeiro,707.35,707.35,PAGA
394,Marina Rocha,1164.14,1164.14,PENDENTE
877,Rafael Teixeira,2210.73,2210.73,PENDENTE
442,Ana Costa,182.82,182.82,PENDENTE
106,Maria Souza,1309.57,1309.57,PAGA
574,Rafael Teixeira,4939.43,4939.43,PAGA
835,Ana Costa,3479.85,3479.85,PENDENTE
142,Lucas Alves,521.62,521.62,PAGA
523,Pedro Santos,1363.68,1363.68,PAGA
177,Carlos Lima,2565.01,2565.01,PENDENTE
399,Carlos Lima,749.48,749.48,PAGA
841,João Silva,1937.95,1937.95,PENDENTE
474,Pedro Santos,3999.8,3999.8,PENDENTE
982,Maria Souza,2949.55,2949.55,PENDENTE
852,Rafael Teixeira,3061.79,3061.79,PAGA
412,Lucas Alves,1978.43,1978.43,PENDENTE
715,Bruno Ribeiro,2384.19,2384.19,PENDENTE
107,Pedro Santos,1397.01,1397.01,PENDENTE
363,Juliana Freitas,2802.37,2802.37,PAGA
835,Juliana Freitas,1348.65,1348.65,PAGA
945,Lucas Alves,4650.94,4650.94,PENDENTE
809,Maria Souza,779.69,779.69,PENDENTE
716,Rafael Teixeira,2495.47,2495.47,PAGA
635,Ana Costa,3991.59,3991.59,PAGA
150,João Silva,2674.58,2674.58,PENDENTE
240,Juliana Freitas,1867.02,1867.02,PENDENTE
300,Rafael Teixeira,2761.77,2761.77,PENDENTE
195,Ana Costa,2068.13,2068.13,PAGA
836,Juliana Freitas,4889.72,4889.72,PENDENTE
697,Marina Rocha,2897.95,2897.95,PENDENTE
930,Maria Souza,2443.87,2443.87,PAGA
111,Pedro Santos,958.45,958.45,PAGA
975,Carlos Lima,1472.41,1472.41,PAGA
447,Maria Souza,3455.67,3455.67,PENDENTE
488,Juliana Freitas,3992.63,3992.63,PENDENTE
546,Marina Rocha,746.0,746.0,PENDENTE
740,Carlos Lima,3422.84,3422.84,PENDENTE
954,João Silva,716.67,716.67,PAGA
439,Bruno Ribeiro,1147.37,1147.37,PENDENTE
432,Bruno Ribeiro,2332.42,2332.42,PENDENTE
925,Bruno Ribeiro,2238.71,2238.71,PENDENTE
657,Rafael Teixeira,3857.84,3857.84,PENDENTE
304,Maria Souza,1161.62,1161.62,PAGA
263,Juliana Freitas,2575.91,2575.91,PENDENTE
299,Marina Rocha,1175.38,1175.38,PAGA
196,Marina Rocha,4953.18,4953.18,PAGA
497,Rafael Teixeira,2303.96,2303.96,PENDENTE
823,Rafael Teixeira,1178.85,1178.85,PAGA
447,Lucas Alves,1028.31,1028.31,PENDENTE
907,Ana Costa,3262.5,3262.5,PENDENTE
568,Ana Costa,2834.42,2834.42,PAGA
668,Rafael Teixeira,1852.05,1852.05,PENDENTE
599,Rafael Teixeira,2207.71,2207.71,PAGA
299,Juliana Freitas,4866.64,4866.64,PENDENTE
917,Pedro Santos,3862.94,3862.94,PAGA
436,Marina Rocha,1563.12,1563.12,PENDENTE
212,João Silva,3091.16,3091.16,PAGA
830,Carlos Lima,1413.2,1413.2,PENDENTE
529,Juliana Freitas,1295.23,1295.23,PAGA
111,Marina Rocha,3557.17,3557.17,PENDENTE
504,Pedro Santos,1203.98,1203.98,PAGA
875,Juliana Freitas,3044.53,3044.53,PAGA
589,Bruno Ribeiro,1359.26,1359.26,PAGA
495,Pedro Santos,4680.52,4680.52,PAGA
319,Marina Rocha,2944.64,2944.64,PENDENTE
150,Carlos Lima,2526.87,2526.87,PENDENTE
996,Bruno Ribeiro,4598.24,4598.24,PENDENTE
852,Rafael Teixeira,4203.68,4203.68,PENDENTE
766,João Silva,2911.89,2911.89,PAGA
670,Marina Rocha,3833.79,3833.79,PAGA
181,Bruno Ribeiro,1730.84,1730.84,PENDENTE
525,Ana Costa,1700.76,1700.76,PAGA
112,Rafael Teixeira,1476.25,1476.25,PAGA
344,Bruno Ribeiro,4422.98,4422.98,PENDENTE
129,Maria Souza,2454.81,2454.81,PENDENTE
549,Rafael Teixeira,4995.22,4995.22,PENDENTE
412,Marina Rocha,4988.81,4988.81,PENDENTE
269,Marina Rocha,3001.13,3001.13,PAGA
510,Lucas Alves,1634.42,1634.42,PAGA
115,Juliana Freitas,2050.39,2050.39,PAGA
358,Lucas Alves,1801.42,1801.42,PENDENTE
433,Carlos Lima,4554.35,4554.35,PENDENTE
382,Juliana Freitas,3415.41,3415.41,PENDENTE
466,Rafael Teixeira,2326.89,2326.89,PENDENTE
411,Ana Costa,4275.67,4275.67,PAGA
123,Bruno Ribeiro,4711.36,4711.36,PAGA
827,Pedro Santos,1821.76,1821.76,PENDENTE
101,Ana Costa,889.69,889.69,PAGA
171,Juliana Freitas,728.84,728.84,PENDENTE
615,Rafael Teixeira,2265.45,2265.45,PENDENTE
625,Pedro Santos,1344.4,1344.4,PAGA
382,Marina Rocha,687.09,687.09,PENDENTE
957,Carlos Lima,2389.25,2389.25,PENDENTE
134,Pedro Santos,1893.95,1893.95,PENDENTE
660,Rafael Teixeira,3203.74,3203.74,PENDENTE
118,Marina Rocha,192.32,192.32,PENDENTE
873,Lucas Alves,624.83,624.83,PENDENTE
792,Juliana Freitas,486.57,486.57,PENDENTE
529,Maria Souza,3731.63,3731.63,PAGA
405,Pedro Santos,1324.26,1324.26,PENDENTE
545,Carlos Lima,2383.18,2383.18,PENDENTE
820,Rafael Teixeira,2616.11,2616.11,PENDENTE
677,Carlos Lima,2700.78,2700.78,PAGA
674,Pedro Santos,942.27,942.27,PENDENTE
420,Ana Costa,594.04,594.04,PENDENTE
465,Pedro Santos,3884.55,3884.55,PENDENTE
299,Carlos Lima,897.45,897.45,PAGA
317,Bruno Ribeiro,4103.44,4103.44,PAGA
225,João Silva,1426.01,1426.01,PAGA
645,Carlos Lima,2946.7,2946.7,PENDENTE
246,João Silva,467.23,467.23,PENDENTE
570,Lucas Alves,3876.6,3876.6,PENDENTE
441,Pedro Santos,1474.49,1474.49,PENDENTE
311,Ana Costa,3059.32,3059.32,PENDENTE
560,Marina Rocha,2190.2,2190.2,PAGA
834,Bruno Ribeiro,3654.08,3654.08,PAGA
430,Juliana Freitas,1224.4,1224.4,PENDENTE
631,João Silva,1611.25,1611.25,PENDENTE
735,Maria Souza,4918.43,4918.43,PENDENTE
973,Pedro Santos,4392.14,4392.14,PENDENTE
657,Bruno Ribeiro,363.3,363.3,PENDENTE
115,Rafael Teixeira,4832.97,4832.97,PAGA
194,Carlos Lima,2512.92,2512.92,PENDENTE
958,Ana Costa,1427.27,1427.27,PENDENTE
633,Lucas Alves,1980.85,1980.85,PENDENTE
630,Pedro Santos,4479.31,4479.31,PENDENTE
185,João Silva,2096.87,2096.87,PENDENTE
849,Juliana Freitas,641.57,641.57,PAGA
519,Maria Souza,3325.41,3325.41,PENDENTE
802,Pedro Santos,1131.88,1131.88,PAGA
199,Ana Costa,4315.67,4315.67,PENDENTE
181,Maria Souza,615.1,615.1,PAGA
912,Rafael Teixeira,2584.77,2584.77,PAGA
652,Carlos Lima,3093.05,3093.05,PAGA
445,Bruno Ribeiro,2436.53,2436.53,PENDENTE
818,Bruno Ribeiro,1819.15,1819.15,PENDENTE
599,Ana Costa,1248.75,1248.75,PENDENTE
876,Lucas Alves,2998.06,2998.06,PENDENTE
146,Maria Souza,3317.8,3317.8,PENDENTE
949,Lucas Alves,1153.91,1153.91,PAGA
360,Rafael Teixeira,4891.38,4891.38,PENDENTE
792,Pedro Santos,1056.19,1056.19,PAGA
335,Maria Souza,1942.38,1942.38,PAGA
117,Lucas Alves,4326.38,4326.38,PENDENTE
279,Marina Rocha,1063.48,1063.48,PAGA
524,Pedro Santos,236.14,236.14,PAGA
566,João Silva,1413.46,1413.46,PAGA
103,Bruno Ribeiro,196.17,196.17,PENDENTE
342,Rafael Teixeira,1350.97,1350.97,PAGA
440,Maria Souza,1398.25,1398.25,PENDENTE
725,Maria Souza,3032.48,3032.48,PENDENTE
394,Ana Costa,3406.75,3406.75,PENDENTE
